{"cameraMode":{"drawMode":0,"name":"Shaded","section":"Shading Mode"},"sceneLighting":false,"audioPlay":false,"sceneViewState":{"showFog":true,"showMaterialUpdate":false,"showSkybox":true,"showFlares":true,"showImageEffects":true,"showParticleSystems":true},"in2DMode":false,"pivot":{"x":0.000010967254638671875,"y":0.4638107419013977,"z":-0.000010967254638671875},"rotation":{"x":-0.3069252669811249,"y":0.6468040347099304,"z":-0.3199029266834259,"w":-0.620567262172699},"size":26.469388961791993,"orthographic":false}