{"cameraMode":{"drawMode":0,"name":"Shaded","section":"Shading Mode"},"sceneLighting":false,"audioPlay":false,"sceneViewState":{"showFog":true,"showMaterialUpdate":false,"showSkybox":true,"showFlares":true,"showImageEffects":true,"showParticleSystems":true},"in2DMode":false,"pivot":{"x":7.268341064453125,"y":-5.451061248779297,"z":-2.8268165588378908},"rotation":{"x":-0.11847618967294693,"y":0.8603010177612305,"z":-0.2328331172466278,"w":-0.4377606213092804},"size":48.962120056152347,"orthographic":false}