{"cameraMode":{"drawMode":0,"name":"Shaded","section":"Shading Mode"},"sceneLighting":false,"audioPlay":false,"sceneViewState":{"showFog":true,"showMaterialUpdate":false,"showSkybox":true,"showFlares":true,"showImageEffects":true,"showParticleSystems":true},"in2DMode":false,"pivot":{"x":0.0000019073486328125,"y":0.2645135521888733,"z":-9.5367431640625e-7},"rotation":{"x":-0.1971902996301651,"y":0.799816370010376,"z":-0.3603558838367462,"w":-0.4376680552959442},"size":21.720468521118165,"orthographic":false}