{"cameraMode":{"drawMode":0,"name":"Shaded","section":"Shading Mode"},"sceneLighting":false,"audioPlay":false,"sceneViewState":{"showFog":true,"showMaterialUpdate":false,"showSkybox":true,"showFlares":true,"showImageEffects":true,"showParticleSystems":true},"in2DMode":false,"pivot":{"x":80.14717102050781,"y":4.831755638122559,"z":-36.751983642578128},"rotation":{"x":0.15179812908172608,"y":-0.011860634200274945,"z":0.0018217519391328097,"w":0.9883387088775635},"size":7.606386184692383,"orthographic":true}